ActionGeo_CountryCode,MonthYear,EventRootCode,Nb_Events,Sum_Articles
SY,201609,19,26118,558078
SY,201608,19,23797,513882
SY,201602,19,27567,483618
SY,201510,19,27216,469990
SY,201612,19,22474,468685
SY,201610,19,24023,457128
IZ,201610,19,16385,438813
SY,201604,19,19387,415799
IZ,201611,19,15670,407503
SY,201511,19,27831,405423
IZ,201605,19,14878,383091
SY,201512,19,25839,382983
SY,201605,19,19977,368694
SY,201207,19,17705,368017
IZ,201406,19,25109,367342
SY,201611,19,19072,347364
PK,201412,19,19572,340624
SY,201505,19,15224,340276
SY,201208,19,17697,336338
IZ,201503,19,15582,327332
SY,201506,19,15846,325161
SY,201507,19,16194,316441
IZ,201408,19,21880,311396
SY,201410,19,22391,310929
SY,201409,19,23306,307518
SY,201606,19,17792,307029
AF,201510,19,13990,306858
PK,201105,19,18473,297149
IZ,201505,19,13965,291564
SY,201202,19,14995,289231
SY,201509,19,17497,285457
AF,201608,19,12625,284606
SY,201603,19,17661,276793
SY,201607,19,16244,270836
PK,201608,19,14562,269193
SY,201503,19,13137,267917
IZ,201607,19,12824,267136
IZ,201606,19,13014,266039
SY,201309,19,19238,265526
IZ,201410,19,18951,262610
IZ,201409,19,19494,260040
SY,201601,19,18155,259286
IZ,201504,19,11785,259190
SY,201508,19,16618,254789
SY,201210,19,13595,252509
AF,201101,19,7558,252465
PK,201601,19,16259,243850
PK,201610,19,16998,241169
SY,201203,19,14179,241057
AF,201505,19,8625,234111
IZ,201506,19,11304,232275
AF,201508,19,11173,231748
AF,201607,19,10777,230289
AF,201512,19,12655,229314
IZ,201507,19,11096,224475
IZ,201512,19,14348,224147
SY,201502,19,12851,223012
SY,201308,19,15640,219701
IZ,201608,19,10070,218474
AF,201606,19,12522,217440
SY,201408,19,16948,215263
SY,201204,19,11664,213549
IZ,201612,19,9523,212909
IZ,201411,19,14762,212518
SY,201206,19,13665,211818
PK,200910,19,17714,210648
AF,201108,19,11700,209396
SY,201209,19,11835,209034
SY,201504,19,11602,205936
PK,201508,19,15902,205331
PK,201509,19,13217,205132
IZ,201502,19,12037,203653
AF,201107,19,12478,199968
PK,201505,19,12665,199040
IZ,201603,19,11305,198184
PK,201503,19,12234,198133
SY,201205,19,11196,194839
PK,201609,19,14416,193653
PK,201406,19,15139,190212
SY,201212,19,9281,187821
AF,201506,19,9007,187462
IZ,201601,19,11220,187319
IZ,201508,19,10495,185480
AF,201008,19,12311,185166
SY,201211,19,10175,184892
SY,201501,19,13938,182820
PK,201603,19,12069,182569
AF,201208,19,11249,180665
SY,201108,19,10027,180047
AF,201611,19,8852,179272
AF,201605,19,12494,178455
AF,201507,19,10120,178218
AF,201203,19,11650,177894
SY,201411,19,12674,177181
AF,201105,19,11446,173673
PK,201504,19,12185,173350
AF,201509,19,9209,171592
PK,201607,19,14121,171062
SY,201403,19,12691,169996
SY,201310,19,10349,165900
SY,201301,19,7927,165477
AF,201604,19,9357,163899
IZ,201602,19,8774,162473
IZ,201412,19,11317,162313
AF,201009,19,10077,161913
PK,201507,19,12685,161444
IZ,201511,19,11427,159474
AF,201610,19,10767,159448
PK,201611,19,12289,156777
PK,201501,19,13782,156358
AF,201204,19,9060,153526
SY,201404,19,9960,152992
IZ,201501,19,10980,152709
AF,201504,19,7210,152624
IZ,201401,19,10997,151749
AF,201609,19,8209,151377
IZ,201407,19,11878,151192
AF,201601,19,10979,150962
AF,201010,19,10569,149450
PK,201605,19,12822,149421
AF,201012,19,9107,146463
IZ,201604,19,8596,145844
AF,201106,19,9893,145366
PK,200905,19,15243,144940
PK,201410,19,13702,144903
IZ,201510,19,9772,142723
AF,201412,19,8040,140140
PK,201512,19,11043,139959
SY,201303,19,8139,138771
AF,201104,19,9957,137480
AF,201207,19,7858,136969
SY,201201,19,7837,136947
IZ,201008,19,6853,136573
AF,200908,19,11681,136474
AF,201209,19,7997,136418
AF,201205,19,8963,136290
SY,201412,19,10703,135817
AF,200910,19,10181,134511
SY,201104,19,7773,133995
SY,201406,19,10430,133541
SY,201402,19,9306,132294
PK,201506,19,10576,131851
IZ,201609,19,8582,131814
PK,201009,19,9325,130949
SY,201311,19,9083,130392
AF,201002,19,12058,126029
AF,201109,19,8976,126001
PK,201409,19,11759,125721
AF,201612,19,6871,125425
PK,200912,19,11904,124923
SY,201302,19,7181,124570
AF,201602,19,8514,124472
SY,201401,19,9341,123698
AF,201511,19,8516,123501
PK,201106,19,11407,123275
IZ,201308,19,6456,123172
PK,201510,19,10196,122648
MX,201601,19,6186,122403
PK,201301,19,10189,122306
AF,201111,19,7225,120958
SY,201312,19,9476,119277
PK,201310,19,11364,118861
AF,201011,19,7827,116746
PK,200908,19,12917,116653
PK,201308,19,11869,116363
IZ,201309,19,6861,116242
AF,201411,19,7352,115996
AF,201403,19,6352,114476
AF,200909,19,10525,114301
PK,201309,19,11561,113005
IZ,201312,19,6238,112715
AF,201001,19,9816,112559
PK,200906,19,14179,111277
AF,201202,19,7161,111188
AF,201503,19,6075,110953
SY,201106,19,8197,110752
PK,201311,19,11780,110515
PK,201008,19,8224,110107
PK,201604,19,10427,108469
PK,201407,19,11329,107968
PK,201208,19,8919,107530
IZ,201310,19,5577,107123
PK,201010,19,9085,106816
PK,201408,19,11052,105386
PK,201602,19,10333,105329
SY,201405,19,7747,104751
AF,201408,19,7536,104743
AF,200912,19,9666,104393
AF,201603,19,7331,104308
SY,201307,19,8647,103251
PK,201210,19,9096,103216
PK,201212,19,7611,103017
PK,201012,19,8265,102961
PK,201502,19,9174,101977
PK,201108,19,8862,101479
SY,201112,19,7551,100704
PK,201411,19,10638,100523
AF,201206,19,7683,100314
SY,201111,19,6985,99625
PK,200911,19,9535,99467
IZ,201404,19,6170,98571
PK,201001,19,10917,96920
IZ,201107,19,3671,96798
AF,201404,19,7016,96691
AF,201407,19,7388,96682
IZ,201307,19,5100,96522
PK,201307,19,9644,96491
IZ,201106,19,3770,96041
AF,201309,19,7122,95430
MX,201505,19,4140,95386
IZ,201509,19,7512,93806
SY,201407,19,8397,93789
MX,201507,19,4699,93600
AF,201110,19,7692,92722
PK,200909,19,9888,92583
PK,201511,19,9776,91338
IZ,201402,19,5504,91041
SY,201306,19,8714,89818
PK,201404,19,8802,89768
PK,201606,19,9752,89454
PK,201209,19,7157,87652
PK,201302,19,7101,87233
PK,201101,19,8561,87043
PK,201103,19,8692,86643
PK,201402,19,8385,86013
AF,201410,19,6568,85833
PK,201109,19,8064,85735
PK,201107,19,9026,85683
SY,201107,19,5336,85260
SY,201105,19,5993,84441
IZ,201610,18,3275,82525
IZ,201009,19,5032,82119
AF,201308,19,5940,82014
AF,201409,19,6587,81829
IZ,201311,19,4804,81676
AF,201406,19,7299,81138
PK,201405,19,8783,81110
IZ,201209,19,4227,80563
IZ,201203,19,3560,80492
PK,201202,19,7006,80113
PK,201205,19,8060,80083
PK,201207,19,7916,79052
AF,201210,19,5637,79004
AF,200911,19,7912,78884
PK,201206,19,7878,78161
AF,201112,19,5476,77969
IZ,201403,19,4973,77822
PK,201002,19,8852,77515
IZ,200804,19,10659,77427
AF,201103,19,7249,77270
PK,201306,19,7485,75308
AF,201502,19,5298,74970
PK,201612,19,8457,74959
AF,201405,19,6200,74649
PK,201204,19,7636,74397
IZ,201611,18,3259,74082
PK,201203,19,7603,73556
AF,201201,19,5541,73371
PK,201201,19,7329,73336
PK,201303,19,7199,73291
PK,200904,19,9094,73272
PK,201603,18,3663,73094
PK,201111,19,6527,73072
AF,200905,19,8863,73038
AF,201102,19,5774,72264
MX,201009,19,4497,72118
AF,200907,19,9059,71648
PK,201102,19,6659,69878
AF,201606,18,3190,69524
PK,201403,19,6918,69325
IZ,200704,19,9628,67410
IZ,201605,18,3060,66601
AF,201501,19,5008,66422
MX,201606,19,3915,65850
MX,201010,19,4261,65690
SY,201110,19,5634,65571
IZ,200705,19,10405,64303
IZ,200803,19,9229,64086
PK,201104,19,6590,63622
IZ,201201,19,4077,63595
IZ,201101,19,3822,63019
PK,201011,19,5596,62928
AF,201301,19,3823,62465
IZ,201108,19,4424,61729
PK,201401,19,7014,61678
AF,201310,19,4809,61623
IZ,200710,19,9068,61405
IZ,201303,19,3453,61253
MX,201602,19,3815,61178
AF,201212,19,4173,60866
IZ,200908,19,5084,60365
AF,201211,19,4038,60209
IZ,201207,19,3735,59592
PK,200901,19,7916,59317
AF,201007,19,5971,59254
SY,201612,18,3515,59156
IZ,201607,18,2780,59143
AF,201306,19,4822,58792
AF,201303,19,4186,58747
AF,201608,18,2794,58393
IZ,200706,19,9614,57664
SY,201610,18,3545,57341
SY,201502,18,3190,57289
IZ,201405,19,4497,57270
PK,201211,19,6936,56885
MX,201008,19,3253,56877
SY,201109,19,4686,56728
AF,201311,19,5511,56643
PK,200902,19,7816,56494
AF,200901,19,6343,56375
IZ,201208,19,2999,56326
SY,201305,19,5968,56020
IZ,201012,19,3817,55963
IZ,201406,18,4449,55725
IZ,200912,19,4619,55702
AF,200807,19,7820,55650
AF,201307,19,4715,55568
MX,201011,19,3905,54459
IZ,200304,19,7471,54247
AF,201611,18,2483,54052
MX,201012,19,3421,54032
PK,201312,19,6302,53694
AF,201505,18,1768,53627
MX,201609,19,3256,53581
AF,201006,19,5527,53382
PK,200907,19,8112,53136
PK,201110,19,6779,52984
SY,201202,18,3431,52960
IZ,201105,19,3817,52953
IZ,200303,19,7489,52596
SY,201602,18,3215,51977
AF,201302,19,3605,51807
PK,200910,18,4203,51766
PK,201608,18,3964,51727
IZ,201410,18,3740,51608
PK,201412,18,4017,51304
MX,201411,19,3768,51100
SY,201604,18,2711,50834
PK,200707,19,8218,50818
AF,201402,19,4363,50555
IZ,201102,19,3014,50407
AF,200906,19,6780,50258
AF,201512,18,2416,50248
MX,201102,19,3176,50018
AF,200903,19,6119,49920
SY,201208,18,3615,49781
AF,201508,18,2183,49753
MX,201506,19,2570,49484
IZ,200910,19,3896,48862
PK,201609,18,3516,48764
MX,201509,19,3223,48521
AF,201005,19,5566,47829
PK,200810,19,7240,47056
IZ,201504,18,2300,47015
SY,201507,18,2611,47003
AF,200902,19,5497,46882
PK,201503,18,3104,46731
AF,200808,19,6828,46661
SY,201103,19,3016,46654
IZ,200805,19,7357,46618
SY,201508,18,3122,46432
IZ,201104,19,3769,46423
SY,201506,18,2115,46322
IZ,201011,19,3819,46124
MX,201508,19,2765,46038
SY,201408,18,4199,45862
MX,201612,19,2297,45765
IZ,201505,18,2343,45645
MX,201101,19,2850,45525
SY,201203,18,3241,45449
PK,200801,19,6036,45388
SY,201609,18,2869,45388
SY,201207,18,2638,45346
IZ,201112,19,3933,45329
MX,201410,19,3803,45074
MX,201605,19,2883,45018
MX,201503,19,2986,44995
IZ,201310,18,2039,44994
SY,201410,18,3711,44994
IZ,201109,19,3710,44975
AF,200806,19,6549,44889
IZ,201502,18,2632,44802
SY,201601,18,3324,44694
PK,201601,18,3396,44642
AF,201204,18,2045,44597
PK,200808,19,7316,44371
IZ,200707,19,7792,44231
SY,201608,18,3010,44105
SY,201511,18,3294,43845
SY,201606,18,2681,43689
AF,201607,18,2151,43426
MX,201103,19,2677,43417
IZ,201210,19,2124,43386
IZ,201306,19,3008,43337
IZ,201202,19,2437,42927
PK,200903,19,6132,42871
IZ,200802,19,6537,42863
IZ,201512,18,2537,42719
SY,201304,19,3893,42709
MX,201107,19,2561,42449
PK,201007,19,4720,42370
SY,201605,18,2501,42262
IZ,201206,19,2606,42109
AF,200904,19,5475,41940
SY,201310,18,2689,41813
MX,201210,19,2196,41461
MX,201502,19,2479,41353
PK,201508,18,3389,41338
AF,201401,19,4229,41323
AF,201107,18,2913,41279
PK,201112,19,5167,41143
PK,201005,19,5455,41111
AF,200706,19,7126,41099
MX,201504,19,2468,41038
IZ,201408,18,3714,41000
AF,201312,19,3745,40474
IZ,201503,18,2383,40457
SY,201512,18,2622,40442
IZ,201309,18,2219,40410
AF,200810,19,6064,40096
AF,201507,18,1628,40021
PK,200809,19,7583,39790
PK,201607,18,3089,39737
PK,200812,19,6493,39694
AF,201510,18,2309,39641
MX,201608,19,3138,39572
IZ,200703,19,7350,39527
IZ,200709,19,6891,39143
SY,201607,18,2686,39114
IZ,201001,19,3795,39049
AF,200705,19,7079,39037
MX,201611,19,2463,39002
MX,201610,19,3107,38841
MX,201603,19,2538,38788
IZ,200904,19,4417,38404
SY,201108,18,2326,38347
PK,201610,18,3092,38202
SY,201505,18,2080,38195
PK,200802,19,5347,37936
PK,200811,19,6960,37900
IZ,201409,18,3349,37802
MX,201604,19,2533,37443
AF,201109,18,2465,37389
IZ,200909,19,3688,37354
PK,201305,19,5126,36974
IZ,200905,19,4010,36744
MX,201607,19,2792,36666
IZ,200712,19,6044,36594
IZ,201601,18,2753,36509
IZ,200907,19,3771,36498
IZ,201302,19,2126,36493
IZ,201301,19,2311,36291
IZ,200708,19,6580,36281
IZ,200901,19,3929,36213
AF,200812,19,5170,36132
IZ,201307,18,1866,36082
IZ,201010,19,3495,35983
IZ,200701,19,7790,35933
IZ,200801,19,5326,35912
IZ,201507,18,2106,35802
AF,201106,18,2160,35510
AF,201104,18,2268,35481
MX,201608,18,1365,35463
PK,200912,18,3025,35453
AF,201105,18,2225,35424
IZ,201211,19,2330,35416
AF,201504,18,2077,35184
AF,201506,18,1651,35002
AF,201604,18,1917,34611
SY,201409,18,3517,34530
PK,200711,19,5316,34525
IZ,201508,18,2307,34419
IZ,200404,19,6079,34387
IZ,201103,19,3355,34212
AF,200811,19,5508,34042
IZ,201411,18,2428,34036
SY,201503,18,2062,34010
AF,201403,18,1424,33989
MX,201511,19,2312,33891
AF,200809,19,5733,33404
AF,201610,18,2162,33377
IZ,200806,19,4734,33363
AF,201605,18,2207,33093
IZ,201308,18,1567,33015
AF,201108,18,2229,32982
IZ,201008,18,1604,32881
AF,201008,18,2527,32863
MX,201208,19,2119,32848
AF,200110,19,5706,32784
PK,201510,18,2219,32700
PK,201506,18,2238,32654
AF,201004,19,4681,32639
MX,201205,19,2369,32604
AF,201410,18,1842,32469
IZ,201606,18,2172,32424
IZ,201608,18,2003,32318
MX,201402,19,2629,32289
PK,201309,18,3034,32280
PK,200710,19,5243,32131
PK,200807,19,5518,32013
AF,201009,18,1983,32011
IZ,200810,19,4843,31988
PK,201004,19,4869,31970
AF,201209,18,1716,31918
AF,201602,18,2070,31802
MX,201106,19,2345,31743
IZ,201603,18,1891,31634
SY,201205,18,2654,31620
MX,201104,19,2393,31570
SY,201611,18,2604,31414
AF,200704,19,5431,31306
SY,201312,18,2710,31290
AF,200804,19,4745,31204
MX,201108,19,2253,30982
AF,201205,18,1558,30766
PK,201509,18,1999,30725
SY,201509,18,2358,30689
SY,201510,18,2486,30655
IZ,200903,19,3606,30648
AF,201207,18,1454,30611
IZ,200611,19,6184,30605
AF,200707,19,5696,30583
MX,201209,19,1667,30536
IZ,201506,18,1846,30463
MX,201307,19,2666,30246
MX,201510,19,2591,30196
PK,201504,18,2653,30182
PK,201303,18,2540,30046
SY,201210,18,2236,30021
SY,201504,18,1824,29997
SY,201209,18,2005,29935
IZ,201609,18,1601,29864
PK,201512,18,2229,29830
IZ,201602,18,1969,29765
IZ,201002,19,2866,29671
PK,201611,18,2484,29546
AF,201601,18,2036,29502
SY,201204,18,2014,29396
AF,200709,19,5078,29348
AF,201012,18,1912,29308
IZ,201205,19,2123,29232
IZ,201111,19,2325,28828
IZ,201312,18,1626,28821
IZ,201407,18,2299,28689
MX,201602,18,1047,28607
IZ,201604,18,1480,28562
PK,201006,19,3890,28544
IZ,200711,19,4783,28462
MX,200909,19,2530,28360
AF,201503,18,1791,28263
MX,201512,19,2366,28246
IZ,201401,18,1933,28187
PK,201605,18,2877,28108
MX,201007,19,2267,28092
AF,201509,18,1683,27884
IZ,200702,19,6094,27867
MX,201207,19,1764,27839
AF,201511,18,2062,27719
IZ,200411,19,5196,27684
PK,201009,18,2156,27646
IZ,200902,19,3229,27603
PK,201108,18,2524,27539
IZ,200906,19,3266,27528
PK,200806,19,4647,27397
PK,201502,18,2312,27353
AF,201305,19,2732,27324
AF,200710,19,4523,27290
AF,201412,18,1827,27147
IZ,200608,19,5083,27131
IZ,201110,19,2750,27047
AF,201502,18,1444,27002
MX,201412,19,2304,26969
PK,201012,18,2187,26712
SY,201206,18,2057,26651
IZ,200405,19,5126,26638
IZ,200807,19,4065,26597
IZ,201304,19,1873,26523
IZ,201212,19,1687,26486
IZ,201412,18,2114,26477
PK,201505,18,2597,26448
AF,201202,18,1528,26417
AF,201411,18,1757,26329
AF,201407,18,1630,26284
SY,201401,18,1934,26189
PK,201103,18,2542,26154
MX,201501,19,2438,26061
IZ,201204,19,1990,26046
IZ,200612,19,5044,26030
IZ,200606,19,5789,25825
AF,201001,18,2329,25612
PK,201602,18,2715,25501
PK,200911,18,2557,25469
IZ,200609,19,5050,25411
SY,201309,18,2653,25380
IZ,201012,18,1413,25235
AF,200711,19,4676,25175
PK,201406,18,2722,25157
PK,201606,18,2262,25114
IZ,201004,19,2760,25063
PK,201105,18,2440,25061
IZ,200704,18,3671,24994
AF,200805,19,4250,24984
AF,201010,18,1873,24965
AF,200909,18,2234,24923
SY,201402,18,1686,24905
MX,201202,19,1960,24828
SY,201211,18,1687,24771
MX,201105,19,2186,24757
AF,201206,18,1575,24726
PK,201604,18,2753,24673
MX,201204,19,1944,24604
MX,201308,19,2244,24597
SY,201201,18,1523,24528
AF,200908,18,2146,24380
AF,201304,19,2283,24095
SY,201603,18,2232,24090
IZ,201305,19,1967,24006
PK,201211,18,1946,23971
PK,201308,18,2758,23912
IZ,201209,18,970,23838
AF,201208,18,1655,23826
IZ,201612,18,1533,23788
MX,201109,19,1869,23632
IZ,200408,19,4138,23630
PK,201003,19,3725,23604
IZ,201511,18,1827,23567
PK,201304,19,3331,23554
IZ,200812,19,3496,23288
MX,201403,19,2038,23267
PK,201001,18,2371,23213
MX,201206,19,1966,23199
IZ,201501,18,1750,23182
PK,201501,18,2619,23131
PK,201209,18,1835,23071
MX,201201,19,1888,22931
MX,200912,19,2346,22904
SY,201308,18,2273,22801
IZ,200406,19,3823,22670
IZ,201303,18,1133,22666
PK,201405,18,2331,22641
PK,201010,18,1961,22558
IZ,201201,18,1408,22466
IZ,201510,18,1682,22459
IZ,200911,19,2576,22325
PK,200712,19,3587,22283
IZ,201404,18,1458,22276
PK,201212,18,2063,22239
MX,201401,19,1953,22205
PK,201507,18,2004,22116
PK,200705,19,3469,22099
IZ,200811,19,3054,22095
SY,201411,18,2221,22088
AF,201101,18,1549,22048
AF,200801,19,3437,22010
PK,201106,18,1970,21949
AF,200712,19,3587,21924
AF,201002,18,2415,21881
SY,201501,18,2084,21791
AF,201203,18,1384,21707
PK,200906,18,2935,21686
PK,201402,18,2409,21601
IZ,201101,18,1419,21106
SY,201212,18,1398,21078
SY,201412,18,1786,21036
AF,201404,18,1256,21013
PK,201410,18,2466,21008
PK,201101,18,2458,20915
IZ,201403,18,1273,20883
AF,200708,19,4286,20868
IZ,200409,19,3592,20837
AF,201612,18,1555,20830
MX,201409,19,1972,20775
AF,200802,19,3543,20719
IZ,201311,18,1313,20684
AF,201409,18,1665,20663
IZ,201402,18,1315,20663
AF,201210,18,1174,20648
MX,201212,19,1493,20625
IZ,200603,19,4300,20624
PK,200902,18,2963,20617
AF,201308,18,1459,20505
AF,201110,18,2030,20482
IZ,200605,19,4369,20454
IZ,200908,18,1730,20293
IZ,201106,18,1289,20276
MX,201310,19,1866,20254
AF,200609,19,4580,20177
PK,201403,18,2117,20010
PK,200803,19,3378,19999
AF,200111,19,3940,19956
IZ,200312,19,3682,19925
PK,201411,18,2447,19908
IZ,200410,19,3522,19907
PK,201109,18,1982,19881
MX,201407,19,2102,19860
AF,201112,18,1542,19828
IZ,201108,18,1235,19807
IZ,201009,18,1174,19738
IZ,201206,18,1022,19716
MX,201203,19,1791,19684
SY,201311,18,1538,19608
PK,201511,18,1944,19581
IZ,201007,19,2323,19488
PK,200909,18,2129,19474
AF,200910,18,1689,19379
IZ,201006,19,2231,19355
AF,201212,18,1304,19301
IZ,200403,19,3258,19242
MX,201609,18,1054,19238
AF,201102,18,1320,19158
AF,201103,18,1562,19157
PK,201310,18,2251,19145
IZ,200501,19,3306,19117
IZ,200311,19,3549,19100
SY,201403,18,1709,19074
MX,201112,19,1607,19054
AF,201406,18,1685,19034
MX,201612,18,630,18974
MX,201111,19,1682,18940
IZ,201509,18,1558,18903
PK,200805,19,3292,18756
PK,200908,18,2305,18743
IZ,200505,19,3388,18626
MX,200908,19,1829,18608
AF,200703,19,4157,18526
MX,201311,19,1736,18516
MX,201004,19,1945,18439
MX,201411,18,1436,18419
MX,201404,19,1532,18387
PK,201208,18,1572,18359
AF,201011,18,1332,18188
PK,201002,18,2333,18178
PK,200905,18,2280,18083
PK,200904,18,2124,17938
IZ,200310,19,3249,17923
IZ,200705,18,3017,17914
PK,200708,19,3466,17894
PK,201409,18,1934,17816
IZ,200412,19,3176,17786
PK,201008,18,1663,17762
AF,201603,18,1319,17685
IZ,200407,19,3123,17634
IZ,200607,19,4653,17601
IZ,200610,19,4966,17498
AF,200803,19,3349,17427
AF,201201,18,1294,17408
PK,200709,19,2899,17354
IZ,201002,18,1296,17309
AF,200912,18,1840,17306
SY,201404,18,1433,17297
PK,201408,18,2118,17248
MX,201211,19,1365,17144
IZ,201102,18,1087,17096
IZ,200507,19,2774,17095
PK,201203,18,2099,16921
IZ,201405,18,1065,16867
IZ,200509,19,2498,16859
IZ,201203,18,985,16743
MX,201406,19,1506,16708
PK,201307,18,2097,16665
IZ,200912,18,1396,16643
IZ,200401,19,2957,16600
MX,201303,19,1387,16525
PK,201404,18,1986,16515
SY,201307,18,1460,16487
SY,201301,18,1261,16428
SY,201406,18,1432,16421
IZ,200506,19,2838,16384
AF,200608,19,3370,16287
MX,201601,18,1084,16229
MX,201504,18,728,16217
IZ,200308,19,2933,16149
AF,201402,18,1040,16067
MX,201405,19,1702,16064
IZ,200910,18,1330,16025
SY,201405,18,1166,15971
AF,201003,19,3218,15926
PK,200804,19,2764,15910
SY,201302,18,1169,15899
PK,201301,18,1567,15843
IZ,200808,19,2908,15746
AF,200605,19,3276,15730
IZ,201011,18,1209,15684
AF,201609,18,1416,15608
SY,201104,18,1006,15603
PK,201306,18,1717,15552
MX,201309,19,1629,15518
IZ,200809,19,2667,15515
IZ,201010,18,1212,15472
PK,201302,18,1485,15386
SY,201303,18,1368,15337
MX,201604,18,823,15301
MX,201408,19,1685,15286
SY,201106,18,1326,15257
IZ,200502,19,2603,15249
IZ,200604,19,3425,15238
AF,201111,18,1215,15209
MX,201312,19,1258,14844
AF,201408,18,1134,14798
IZ,200904,18,1648,14635
AF,201301,18,781,14627
MX,200904,19,1678,14593
AF,201307,18,1165,14580
PK,201104,18,1851,14506
MX,201503,18,931,14471
MX,201505,18,794,14438
IZ,200703,18,2746,14397
MX,201008,18,981,14372
IZ,200307,19,2600,14337
PK,201311,18,1790,14324
MX,201302,19,1168,14278
PK,201612,18,1730,14266
MX,201606,18,864,14247
AF,200907,18,1682,14220
IZ,200508,19,2553,14219
IZ,201105,18,939,14151
IZ,200903,18,1357,14117
IZ,201306,18,942,14108
MX,201012,18,955,14048
PK,201007,18,1264,14038
MX,201110,19,1547,14026
PK,200703,19,3013,13958
IZ,200504,19,2550,13957
MX,200906,19,1435,13867
AF,201303,18,1028,13861
PK,201107,18,1793,13805
PK,200707,18,2348,13723
AF,201309,18,1329,13671
SY,201112,18,1196,13671
AF,200606,19,3198,13649
IZ,201005,19,1919,13632
IZ,200309,19,2444,13579
IZ,200706,18,2598,13516
PK,201202,18,1502,13492
PK,201407,18,1861,13491
MX,201301,19,945,13452
SY,201107,18,962,13392
MX,201509,18,984,13364
PK,201204,18,1607,13302
PK,201210,18,1456,13294
AF,201306,18,920,13229
IZ,200510,19,2292,13167
SY,201407,18,1007,13138
IZ,201208,18,642,13116
AF,200901,18,1302,13054
IZ,201207,18,674,13036
MX,201006,19,1601,13016
IZ,200503,19,2435,12991
PK,201401,18,1674,12962
IZ,201301,18,714,12955
IZ,200402,19,2268,12933
MX,201009,18,902,12930
IZ,201202,18,789,12906
PK,201207,18,1427,12900
IZ,200710,18,2081,12869
PK,200704,19,2559,12829
IZ,200511,19,2373,12823
AF,200607,19,3669,12812
PK,201011,18,1488,12796
IZ,200804,18,1996,12663
AF,200112,19,2759,12639
AF,200905,18,1515,12473
MX,201508,18,780,12372
MX,200907,19,1569,12363
AF,200902,18,1251,12284
PK,201205,18,1615,12220
AF,201405,18,1113,12211
AF,200911,18,1350,12211
SY,201111,18,1132,12165
IZ,201107,18,901,12154
IZ,200909,18,1240,12119
IZ,201112,18,796,12113
AF,200903,18,1324,12087
IZ,200405,18,2705,12075
AF,201310,18,862,12036
PK,200903,18,1865,12022
MX,200902,19,1517,11989
IZ,200803,18,1892,11956
MX,201001,19,1457,11951
PK,201102,18,1328,11881
AF,200807,18,1591,11649
IZ,200712,18,1821,11619
MX,200911,19,1077,11571
AF,201007,18,1090,11552
PK,201312,18,1380,11512
PK,200801,18,1616,11443
PK,201206,18,1476,11442
MX,201611,18,769,11414
IZ,200906,18,1413,11340
PK,201201,18,1404,11330
PK,200802,18,1778,11328
SY,200810,19,1786,11306
IZ,201211,18,621,11294
AF,201401,18,954,11268
AF,200304,19,1672,11224
IZ,200306,19,2069,11205
MX,201610,18,999,11184
AF,201302,18,836,11087
IZ,201104,18,945,11075
IZ,200902,18,1163,11068
IZ,201001,18,1177,11035
MX,200905,19,1320,11028
SY,201306,18,1268,11026
AF,201211,18,734,10995
AF,200702,19,2970,10979
PK,200110,19,2237,10948
AF,200707,18,2150,10943
AF,201005,18,1165,10908
IZ,200901,18,1172,10895
IZ,201302,18,667,10786
MX,201003,19,1421,10748
IZ,200802,18,1677,10737
PK,200710,18,1541,10727
AF,200904,18,1280,10726
AF,200704,18,1757,10726
IZ,200512,19,1955,10609
IZ,200611,18,2162,10424
IZ,200801,18,1608,10422
PK,201412,20,599,10299
AF,201501,18,817,10255
IZ,200409,18,2013,10166
MX,201410,18,880,10072
AF,201311,18,987,10047
IZ,201103,18,780,9998
MX,201507,18,954,9927
AF,200406,19,1963,9923
IZ,200612,18,1814,9915
PK,201110,18,1387,9840
IZ,200806,18,1372,9788
SY,201109,18,938,9768
MX,200903,19,1457,9766
MX,201501,18,851,9736
PK,200712,18,1496,9689
IZ,200905,18,1096,9652
IZ,201305,18,776,9545
PK,201111,18,1102,9532
IZ,200702,18,2208,9506
MX,201502,18,640,9490
IZ,200404,18,1993,9482
PK,200706,19,2067,9381
AF,200808,18,1590,9282
AF,200610,19,2737,9271
IZ,200709,18,1610,9261
MX,201002,19,1087,9241
IZ,200708,18,1663,9232
IZ,201111,18,674,9190
AF,200906,18,1274,9185
PK,200901,18,1442,9180
AF,200308,19,1804,9124
MX,201603,18,740,9122
MX,201306,19,815,9075
IZ,200701,18,2377,9055
MX,200910,19,929,9012
AF,200109,19,1837,8958
PK,200711,18,1286,8928
IZ,200411,18,1749,8896
SY,201105,18,685,8882
AF,200701,19,2578,8864
AF,200612,19,2197,8842
IZ,200305,19,1693,8831
AF,200309,19,1681,8790
AF,201312,18,791,8769
IZ,200707,18,1809,8745
AF,200611,19,2144,8744
IZ,201007,18,800,8687
IZ,200302,19,1624,8673
PK,200403,19,1546,8650
SY,201110,18,957,8642
IZ,200907,18,1095,8638
AF,200811,18,1516,8631
PK,200808,18,1482,8595
IZ,200807,18,1333,8586
PK,200811,18,1670,8508
MX,201101,18,510,8446
PK,200406,19,1623,8316
MX,201011,18,572,8312
MX,201107,18,573,8302
PK,201112,18,1096,8258
MX,201307,18,779,8251
MX,201010,18,694,8229
IZ,200410,18,1839,8228
IZ,200406,18,1587,8176
PK,201305,18,1247,8154
MX,201302,18,624,8099
IZ,201204,18,625,8094
PK,200907,18,1405,8071
PK,200702,19,2010,8050
AF,200804,18,1129,8008
IZ,200812,18,1208,7987
IZ,200608,18,1482,7968
MX,200805,19,1378,7910
IZ,200301,19,1378,7847
SY,201506,20,375,7792
IZ,201210,18,488,7784
AF,201305,18,748,7736
IZ,200507,18,1275,7708
PK,200807,18,1385,7685
AF,200310,19,1470,7621
AF,200806,18,1219,7615
PK,200609,19,1831,7607
SY,201305,18,927,7591
IZ,201109,18,736,7571
PK,201004,18,1316,7570
SY,201612,20,290,7557
PK,200205,19,1654,7543
PK,200812,18,1420,7509
MX,200810,19,996,7484
MX,201108,18,562,7427
IZ,200505,18,1453,7424
AF,200801,18,1091,7416
MX,201412,18,727,7404
IZ,200811,18,923,7402
IZ,200304,18,1217,7381
PK,200809,18,1410,7350
IZ,200606,18,1911,7341
PK,200608,19,1882,7319
AF,200710,18,1415,7297
MX,201102,18,640,7271
AF,200706,18,1233,7202
AF,201006,18,856,7181
PK,200112,19,1585,7168
MX,201310,18,462,7109
AF,200311,19,1408,7102
SY,201206,20,516,7082
AF,200708,18,1484,7080
IZ,200501,18,1395,7067
PK,200201,19,1534,7039
PK,200810,18,1274,7009
MX,201605,18,688,6992
PK,200310,19,1385,6986
IZ,200805,18,1142,6970
MX,201510,18,655,6959
PK,201005,18,1009,6948
AF,200203,19,1431,6932
PK,200603,19,2113,6930
MX,200901,19,912,6890
AF,200307,19,1403,6843
IZ,201110,18,654,6786
IZ,200711,18,1239,6747
PK,200206,19,1485,6746
MX,201104,18,579,6723
PK,200208,19,1365,6704
PK,200701,19,1842,6693
AF,200201,19,1431,6659
PK,200304,19,1107,6658
MX,200807,19,919,6608
AF,200705,18,1419,6608
PK,200307,19,1327,6603
IZ,201212,18,441,6600
IZ,201004,18,742,6594
AF,200810,18,1060,6594
AF,200403,19,1362,6580
PK,201304,18,869,6562
PK,200803,18,1183,6547
IZ,201003,19,1260,6547
IZ,200808,18,1111,6511
AF,200408,19,1256,6483
MX,201103,18,553,6482
IZ,200407,18,1435,6468
IZ,200509,18,915,6462
IZ,200603,18,1532,6456
IZ,201304,18,497,6454
IZ,200607,18,1705,6448
AF,200303,19,1197,6447
IZ,200602,19,2840,6433
PK,200111,19,1442,6392
IZ,200408,18,1382,6370
IZ,200502,18,1201,6347
SY,201205,20,577,6336
MX,200812,19,956,6325
AF,200709,18,1337,6262
MX,201110,18,513,6248
AF,200812,18,990,6230
IZ,200810,18,1022,6216
AF,200306,19,1228,6173
AF,200507,19,1210,6169
PK,200209,19,1240,6168
MX,200806,19,879,6164
MX,201402,18,494,6143
MX,200801,19,1035,6095
MX,201207,18,477,6087
IZ,200303,18,1005,6058
IZ,200511,18,1162,6036
MX,201511,18,561,6034
IZ,200506,18,1070,6019
SY,201304,18,694,6002
PK,200611,19,1732,5997
PK,200207,19,1162,5974
AF,200305,19,1138,5957
MX,201607,18,578,5936
MX,201308,18,594,5923
AF,200207,19,1261,5915
AF,200711,18,1170,5862
AF,200809,18,1198,5820
AF,200603,19,1917,5782
PK,200303,19,1003,5773
AF,200405,19,1240,5736
IZ,200605,18,1638,5730
PK,201003,18,1012,5714
PK,200308,19,1183,5705
AF,200506,19,1057,5690
AF,200505,19,1052,5686
AF,200510,19,1149,5683
IZ,201205,18,483,5677
PK,200309,19,1167,5660
AF,201304,18,499,5652
AF,200301,19,1059,5608
IZ,200102,19,901,5604
AF,200409,19,1046,5584
PK,201601,20,160,5579
IZ,201006,18,646,5546
MX,200811,19,870,5522
IZ,200609,18,1324,5494
AF,200202,19,1314,5493
IZ,200412,18,1156,5492
PK,200604,19,1609,5492
SY,201103,18,531,5444
IZ,200212,19,1014,5374
PK,200804,18,981,5369
AF,200802,18,920,5348
IZ,200809,18,1022,5314
SY,201512,20,298,5308
AF,200312,19,997,5295
IZ,200504,18,1024,5290
AF,201004,18,952,5249
IZ,200312,18,1058,5232
MX,201208,18,367,5176
AF,200805,18,1003,5153
MX,201007,18,439,5150
AF,200703,18,1140,5140
AF,200401,19,965,5126
PK,200405,19,1053,5112
PK,200301,19,1053,5102
AF,200509,19,937,5093
MX,201506,18,525,5082
AF,200508,19,1149,5082
MX,200808,19,745,5062
MX,201305,19,557,5028
AF,200604,19,1931,5018
PK,200709,18,942,4996
AF,200211,19,935,4994
AF,200712,18,804,4952
MX,201005,19,792,4930
IZ,200503,18,991,4911
AF,200212,19,901,4886
PK,200203,19,1039,4833
MX,201004,18,522,4823
PK,200606,19,1197,4804
AF,200404,19,901,4800
AF,200302,19,943,4772
PK,200306,19,1028,4760
PK,200109,19,972,4750
SY,200901,19,661,4732
IZ,200911,18,506,4716
MX,200705,19,856,4711
MX,201111,18,440,4703
AF,200407,19,940,4694
PK,200410,19,960,4682
MX,201202,18,432,4666
SY,200709,19,1059,4617
PK,200212,19,933,4608
IZ,201408,20,365,4552
MX,201201,18,418,4539
PK,200202,19,1065,4526
MX,200503,19,98,4520
MX,201304,19,513,4498
MX,200804,19,612,4457
AF,200609,18,1158,4453
IZ,200512,18,878,4416
AF,200410,19,871,4396
IZ,200403,18,776,4377
PK,200805,18,799,4370
IZ,200510,18,890,4352
PK,200806,18,891,4350
MX,201109,18,445,4328
PK,200001,19,752,4315
MX,201409,18,467,4305
MX,201112,18,398,4273
MX,201203,18,405,4268
MX,201512,18,472,4259
AF,200512,19,875,4248
PK,200409,19,921,4246
IZ,200211,19,837,4235
AF,200204,19,931,4221
PK,200401,19,826,4215
PK,200211,19,889,4163
PK,200408,19,936,4158
MX,201211,18,327,4153
PK,200607,19,1428,4083
PK,200302,19,789,4070
MX,201105,18,407,4061
PK,200705,18,805,4059
AF,200511,19,827,4054
IZ,200311,18,773,4054
AF,200209,19,916,4042
PK,200311,19,784,4003
IZ,200208,19,858,4001
PK,200507,19,820,3978
PK,200008,19,649,3956
IZ,200402,18,670,3940
SY,200802,19,733,3934
MX,201204,18,312,3920
AF,201203,20,338,3890
PK,200305,19,860,3889
IZ,200601,19,2449,3886
SY,201207,20,360,3880
PK,200312,19,757,3879
IZ,200310,18,724,3864
PK,200107,19,815,3842
PK,200108,19,739,3821
IZ,200610,18,1097,3812
AF,200402,19,746,3805
SY,201504,20,150,3764
IZ,200604,18,1135,3744
SY,200912,19,397,3719
PK,200610,19,1266,3692
AF,200803,18,824,3650
PK,200605,19,1163,3634
MX,201209,18,241,3632
PK,201503,20,212,3624
PK,200009,19,727,3618
SY,200706,19,965,3607
MX,201303,18,269,3604
IZ,201005,18,564,3596
MX,201210,18,300,3571
IZ,200401,18,654,3531
IZ,200210,19,737,3526
AF,200208,19,716,3504
IZ,200209,19,717,3495
SY,201202,20,217,3494
PK,200210,19,781,3483
PK,200407,19,855,3467
PK,200003,19,666,3456
IZ,201409,20,261,3429
PK,201502,20,158,3411
AF,201003,18,631,3410
SY,201002,19,429,3398
PK,200204,19,770,3377
AF,200504,19,613,3372
PK,200004,19,505,3364
SY,201509,20,149,3345
PK,200404,19,689,3344
MX,201106,18,374,3343
PK,200501,19,750,3341
PK,201501,20,214,3326
MX,201301,18,219,3297
AF,200205,19,748,3253
IZ,200508,18,652,3248
MX,201407,18,354,3243
AF,200008,19,721,3222
MX,201205,18,451,3216
SY,201505,20,114,3201
SY,200811,19,663,3188
PK,201006,18,587,3155
PK,200005,19,451,3142
MX,200704,19,559,3131
PK,200102,19,538,3111
IZ,200308,18,605,3104
MX,200909,18,326,3095
MX,201311,18,399,3090
SY,201601,20,176,3085
PK,200703,18,756,3082
PK,200510,19,637,3071
PK,200612,19,1012,3068
MX,200809,19,509,3052
PK,200010,19,620,3048
AF,200110,18,628,2985
PK,200512,19,707,2972
PK,200601,19,1315,2960
AF,200608,18,668,2927
PK,200006,19,407,2909
PK,200012,19,654,2894
IZ,200207,19,547,2885
MX,200908,18,287,2884
PK,200402,19,580,2860
PK,200611,18,630,2850
PK,200708,18,718,2819
PK,200505,19,601,2812
AF,200611,18,570,2805
MX,200803,19,593,2796
SY,201208,20,243,2792
PK,200702,18,738,2792
MX,201405,18,347,2772
IZ,200309,18,519,2758
PK,200106,19,564,2737
MX,201212,18,251,2717
SY,200705,19,722,2714
MX,201404,18,319,2681
MX,201206,18,350,2658
MX,200912,18,285,2623
MX,201309,18,338,2621
PK,200503,19,566,2590
SY,200608,19,454,2573
MX,200709,19,397,2572
AF,200210,19,589,2564
MX,201401,18,280,2564
SY,201410,20,187,2551
AF,200412,19,467,2546
AF,200503,19,495,2510
PK,200011,19,549,2505
SY,201602,20,235,2490
PK,200101,19,519,2478
PK,200103,19,425,2455
PK,200704,18,567,2453
AF,200105,19,508,2452
PK,200411,19,530,2443
MX,201001,18,313,2427
AF,200206,19,511,2406
SY,200611,19,684,2401
PK,200105,19,479,2383
MX,201403,18,294,2382
SY,200908,19,384,2371
AF,200605,18,671,2371
IZ,200602,18,1049,2358
MX,201306,18,266,2354
MX,201406,18,253,2341
SY,201009,18,157,2336
AF,200606,18,609,2324
SY,200709,18,432,2323
AF,200602,19,1281,2311
SY,201009,19,398,2296
PK,200007,19,436,2270
IZ,200109,19,490,2268
SY,200812,19,343,2267
AF,200411,19,480,2260
PK,200502,19,445,2258
PK,200002,19,416,2256
PK,200506,19,541,2251
AF,200612,18,533,2248
MX,201006,18,313,2247
PK,200412,19,456,2202
PK,200509,19,508,2185
AF,200104,19,447,2154
SY,200710,19,432,2129
SY,200512,19,440,2124
MX,200902,18,303,2114
IZ,200108,19,429,2112
IZ,200307,18,402,2088
AF,200009,19,502,2087
AF,200607,18,599,2079
MX,200904,18,278,2069
AF,200702,18,562,2055
MX,200905,18,277,2049
MX,200903,18,317,2043
SY,200310,19,478,2042
MX,201408,18,310,2038
PK,200706,18,484,2027
SY,200404,19,330,2026
SY,200805,19,462,2023
PK,200207,18,402,2019
AF,200111,18,469,2008
IZ,200005,19,376,1992
AF,200501,19,464,1960
MX,200802,19,394,1959
AF,200101,19,467,1919
SY,200912,18,170,1919
SY,201409,20,147,1892
SY,201309,20,292,1887
SY,201011,19,356,1884
AF,200106,19,401,1879
AF,200010,19,439,1868
PK,200508,19,442,1864
MX,200910,18,182,1863
SY,201008,19,431,1863
AF,200506,18,364,1852
PK,200405,18,346,1844
AF,200406,18,343,1840
PK,200504,19,414,1836
PK,200202,18,416,1834
SY,200506,19,424,1826
IZ,200601,18,1110,1820
PK,200609,18,496,1818
IZ,200104,19,382,1810
MX,200708,19,297,1808
MX,200907,18,302,1807
PK,201505,20,164,1802
SY,200609,19,358,1796
AF,200505,18,387,1786
PK,200406,18,328,1781
PK,200701,18,515,1776
SY,201606,20,124,1758
IZ,200110,19,431,1742
SY,200909,19,350,1736
IZ,201601,20,186,1710
IZ,200101,19,335,1682
MX,200712,19,267,1682
PK,200511,19,372,1675
MX,201312,18,208,1670
MX,200710,19,383,1669
MX,200807,18,263,1654
PK,200403,18,279,1652
PK,200608,18,421,1649
MX,200706,19,384,1647
PK,200602,19,972,1644
AF,200207,18,367,1644
SY,200304,19,295,1640
PK,201509,20,61,1631
IZ,200306,18,315,1623
PK,200104,19,346,1623
PK,201512,20,113,1618
IZ,200004,19,321,1615
MX,201002,18,201,1611
PK,200604,18,305,1606
AF,200405,18,304,1596
AF,200509,18,314,1592
MX,200703,19,411,1579
MX,200610,19,352,1573
SY,201610,20,114,1573
MX,200811,18,189,1567
IZ,200006,19,295,1561
MX,200906,18,214,1560
IZ,200202,19,317,1547
PK,200603,18,435,1545
SY,201102,19,230,1545
AF,200502,19,294,1540
AF,200108,19,318,1535
SY,200809,19,407,1533
AF,200007,19,334,1532
AF,200309,18,290,1528
SY,200801,19,333,1528
AF,200102,19,285,1526
AF,200112,18,339,1525
SY,200807,19,318,1520
SY,200104,19,341,1518
MX,200808,18,195,1508
SY,200902,19,349,1488
MX,200611,19,454,1480
PK,201602,20,59,1479
AF,200610,18,570,1476
SY,201001,19,267,1475
SY,201101,19,300,1474
SY,200607,19,524,1472
PK,200410,18,336,1471
IZ,200003,19,303,1470
MX,200911,18,190,1469
MX,200702,19,273,1466
PK,200110,18,332,1463
MX,201410,20,89,1462
SY,200802,18,387,1462
AF,200005,19,229,1458
AF,200603,18,462,1456
AF,200410,18,270,1439
AF,200107,19,268,1429
PK,201609,20,59,1424
IZ,201605,20,99,1419
IZ,200203,19,310,1418
AF,200403,18,306,1417
AF,200003,19,287,1414
SY,200906,19,255,1413
SY,200708,19,306,1413
SY,200509,19,268,1412
MX,200901,18,197,1412
IZ,200305,18,301,1409
SY,200804,19,337,1407
AF,200510,18,243,1407
MX,200002,19,260,1400
AF,200312,18,255,1393
SY,201507,20,192,1392
PK,200206,18,308,1377
MX,200711,19,284,1374
AF,200303,18,216,1363
PK,200205,18,325,1352
MX,200801,18,210,1351
IZ,200103,19,228,1345
IZ,201611,20,51,1340
AF,200011,19,337,1339
SY,201609,20,151,1335
SY,200803,19,383,1333
SY,200712,19,277,1330
SY,200910,19,260,1327
PK,200208,18,267,1322
MX,201005,18,182,1319
SY,201305,20,116,1314
IZ,200107,19,244,1305
AF,200109,18,304,1300
PK,201506,20,108,1295
MX,200707,19,326,1292
SY,200611,18,368,1285
SY,200507,19,302,1285
IZ,201503,20,179,1283
SY,200905,19,216,1279
MX,201602,20,27,1272
SY,201012,19,260,1265
IZ,200002,19,256,1263
PK,201504,20,101,1261
AF,200507,18,246,1256
IZ,201003,18,364,1255
MX,201411,20,109,1252
PK,200505,18,273,1245
SY,200510,19,307,1244
SY,200901,18,100,1240
IZ,200008,19,270,1237
AF,200103,19,234,1235
SY,201508,20,107,1231
PK,200408,18,259,1224
AF,200701,18,429,1221
IZ,200111,19,271,1216
SY,200810,18,253,1213
AF,200511,18,238,1210
IZ,200001,19,228,1200
AF,200308,18,270,1200
AF,200004,19,185,1194
AF,200411,18,251,1180
IZ,200009,19,278,1179
SY,201010,19,214,1173
AF,200601,19,895,1170
SY,201308,20,213,1168
SY,201608,20,142,1164
AF,200407,18,235,1157
SY,200409,19,169,1157
SY,200904,19,218,1155
AF,200012,19,257,1154
IZ,200302,18,225,1153
SY,200903,19,293,1152
AF,200304,18,172,1138
SY,201604,20,130,1135
PK,200407,18,259,1128
PK,200506,18,244,1125
IZ,200201,19,218,1117
PK,201511,20,123,1113
MX,200506,19,219,1105
SY,201010,18,67,1104
AF,200311,18,218,1100
SY,201301,20,76,1100
IZ,201406,20,126,1099
PK,200503,18,243,1098
IZ,201501,20,99,1097
MX,200608,19,292,1096
AF,200209,18,214,1089
SY,201503,20,104,1086
MX,200805,18,167,1079
AF,200408,18,234,1075
AF,200404,18,181,1075
PK,200209,18,200,1071
PK,201607,20,125,1068
MX,200812,18,229,1068
IZ,201507,20,100,1065
AF,200512,18,225,1060
AF,200508,18,245,1041
IZ,200106,19,221,1041
IZ,201508,20,154,1038
SY,201001,18,151,1032
PK,200307,18,202,1029
SY,200806,19,227,1029
IZ,200012,19,235,1028
PK,200312,18,202,1028
IZ,200105,19,183,1024
MX,201010,20,50,1020
SY,201306,20,86,1017
MX,200612,19,275,1016
MX,200607,19,217,1010
SY,201007,18,83,1008
IZ,200205,19,211,998
SY,200505,19,260,998
PK,200607,18,307,996
AF,200006,19,139,991
SY,200706,18,251,987
SY,200503,19,257,986
IZ,201603,20,114,980
MX,200301,19,203,971
IZ,200011,19,223,968
SY,201603,20,131,966
IZ,200112,19,211,966
AF,200307,18,212,965
AF,200306,18,202,944
IZ,201411,20,121,938
SY,200803,18,210,936
IZ,200010,19,227,931
SY,201203,20,174,926
IZ,201512,20,129,924
PK,200212,18,204,915
MX,200609,19,296,915
MX,201305,18,111,905
IZ,201602,20,136,903
PK,200201,18,193,903
IZ,201607,20,123,900
PK,201603,20,103,900
MX,200303,19,193,900
SY,201212,20,83,897
AF,200401,18,184,895
SY,200701,19,297,892
IZ,201011,20,70,891
SY,200703,19,219,891
SY,200511,19,218,891
MX,200810,18,154,887
AF,200310,18,178,878
MX,201505,20,33,871
SY,201511,20,142,863
IZ,201511,20,110,855
IZ,200007,19,187,850
SY,201502,20,81,848
MX,200507,19,198,847
SY,200907,19,132,844
AF,200305,18,164,844
AF,200409,18,178,842
MX,200501,19,239,841
SY,200707,19,363,840
PK,200204,18,199,839
MX,201003,18,100,837
PK,200509,18,170,836
PK,200507,18,210,834
SY,201201,20,55,828
PK,200303,18,149,823
MX,201409,20,32,823
SY,200704,19,230,821
PK,200606,18,254,820
IZ,201504,20,114,820
MX,201304,18,87,819
IZ,201309,20,58,817
MX,200509,19,156,813
SY,200710,18,196,813
AF,200001,19,180,813
PK,200310,18,182,806
SY,200512,18,186,799
SY,201411,20,76,799
SY,201007,19,151,796
SY,200107,19,195,791
SY,201011,18,165,790
MX,200006,19,143,788
MX,200606,19,254,785
MX,200701,19,298,785
IZ,201510,20,82,782
IZ,201506,20,72,781
SY,201406,20,53,779
IZ,200206,19,156,777
IZ,200301,18,150,776
SY,200805,18,153,776
AF,200211,18,148,776
MX,200105,19,128,775
PK,200304,18,120,772
MX,201009,20,42,760
SY,200801,18,185,758
MX,200705,18,172,755
SY,201408,20,118,755
AF,200402,18,125,754
AF,200002,19,142,746
MX,200208,19,188,744
PK,200001,18,142,744
AF,200301,18,110,743
SY,201605,20,143,739
AF,201208,20,55,736
PK,200301,18,167,735
IZ,201608,20,114,732
SY,200606,19,272,730
SY,201003,19,103,728
SY,201211,20,53,725
SY,200808,19,236,723
SY,201004,19,193,722
SY,201106,20,109,721
MX,200510,19,163,720
AF,200201,18,150,720
SY,200712,18,150,717
SY,200502,19,187,717
MX,200406,19,161,717
SY,201303,20,48,714
SY,200911,19,162,710
PK,200612,18,266,709
SY,201510,20,119,706
PK,200308,18,161,705
PK,200605,18,287,699
AF,200203,18,157,699
MX,200704,18,142,696
SY,200005,19,195,694
SY,200702,19,273,692
MX,200003,19,144,692
SY,200909,18,106,691
AF,200204,18,146,687
IZ,200212,18,138,686
SY,200006,19,146,684
AF,200604,18,383,684
PK,200501,18,154,684
SY,200711,19,218,683
SY,200504,19,166,681
PK,200111,18,168,678
PK,200504,18,155,678
SY,201405,20,37,678
IZ,201610,20,87,677
SY,200501,19,91,677
PK,200401,18,147,674
PK,200309,18,139,672
IZ,201509,20,104,672
MX,200502,19,120,669
SY,201611,20,101,667
IZ,200606,20,141,667
AF,200504,18,129,662
SY,200510,18,176,659
MX,200101,19,155,658
MX,200401,19,159,658
SY,200811,18,97,656
MX,200008,19,126,655
PK,201510,20,64,654
SY,201103,20,47,651
PK,200305,18,134,651
SY,200809,18,179,650
PK,201610,20,76,648
AF,200208,18,144,647
SY,200508,19,131,646
MX,200005,19,130,645
SY,200403,19,121,644
MX,201502,20,29,640
MX,201011,20,13,636
IZ,200209,18,136,636
PK,200101,18,128,635
MX,200102,19,134,632
AF,200503,18,118,632
SY,200503,18,197,627
IZ,201612,20,94,626
MX,201202,20,17,625
PK,200610,18,288,623
MX,200804,18,126,619
MX,200207,19,141,618
PK,200409,18,143,617
PK,201508,20,55,616
PK,200306,18,136,615
AF,201503,20,39,613
MX,200603,19,210,612
SY,201002,18,139,610
SY,200001,19,146,607
PK,200210,18,119,605
AF,200202,18,126,603
IZ,200208,18,149,599
AF,200212,18,113,599
SY,201607,20,114,596
PK,201612,20,86,596
PK,200112,18,166,595
PK,200404,18,144,593
MX,200802,18,118,592
AF,200412,18,123,587
SY,200405,19,107,587
SY,200612,19,248,586
PK,200211,18,141,585
PK,200302,18,144,582
IZ,200204,19,113,581
PK,200203,18,143,577
SY,201310,20,58,576
SY,200908,18,86,575
PK,200402,18,124,574
PK,200005,18,105,572
AF,200302,18,101,572
PK,200009,18,117,571
SY,201402,20,47,569
SY,200807,18,198,568
IZ,201609,20,71,565
MX,201608,20,14,564
SY,200904,18,97,563
PK,200510,18,127,561
PK,201507,20,52,558
SY,201204,20,92,558
MX,200310,19,123,557
PK,200502,18,126,552
IZ,201412,20,70,550
SY,200502,18,153,548
SY,200506,18,147,548
PK,200103,18,86,547
MX,200203,19,137,545
PK,200108,18,110,543
MX,200508,19,183,541
MX,200809,18,116,539
IZ,201407,20,76,536
PK,200508,18,128,534
MX,200106,19,115,534
PK,200008,18,102,530
MX,200012,19,103,530
PK,201608,20,105,529
IZ,201505,20,77,529
IZ,201604,20,82,524
SY,201312,20,73,523
PK,200512,18,123,521
SY,200705,18,147,514
MX,200412,19,115,513
PK,200109,18,129,512
PK,200311,18,115,508
MX,200409,19,105,507
PK,200511,18,120,501
MX,200007,19,124,496
PK,200910,20,34,491
MX,200004,19,96,491
SY,200812,18,116,490
MX,200307,19,94,489
MX,200309,19,102,488
SY,200806,18,108,487
MX,200308,19,126,486
MX,200302,19,99,486
MX,200703,18,96,483
MX,200605,19,207,483
PK,201405,20,27,482
MX,200806,18,94,480
SY,200409,18,112,473
MX,200602,19,162,472
PK,200412,18,91,471
MX,200403,19,110,469
AF,200602,18,285,468
SY,200910,18,96,466
SY,200711,18,95,464
MX,200108,19,125,464
PK,200602,18,224,463
SY,201101,18,113,462
SY,200411,19,111,461
IZ,200102,18,101,460
SY,200903,18,96,460
MX,200511,19,122,457
PK,200107,18,98,457
MX,200206,19,130,456
PK,200011,18,111,453
MX,200611,18,80,452
SY,200804,18,133,449
AF,201308,20,41,448
SY,201209,20,53,448
SY,200312,19,107,446
IZ,201606,20,90,446
SY,200612,18,157,443
SY,201401,20,76,442
MX,201104,20,24,441
SY,200105,19,153,440
SY,200808,18,135,440
MX,200010,19,82,440
MX,200407,19,92,435
PK,200006,18,76,434
IZ,201410,20,69,430
MX,200305,19,98,430
MX,200304,19,90,429
PK,200411,18,118,428
MX,200111,19,132,428
MX,200202,19,97,428
MX,200505,19,106,427
SY,200412,19,72,424
SY,201307,20,59,422
SY,200306,19,91,414
SY,200906,18,98,412
SY,200003,19,127,409
MX,200402,19,62,408
IZ,201203,20,39,407
SY,200305,19,95,405
AF,201311,20,26,404
MX,200604,19,157,404
PK,200104,18,82,402
MX,200410,19,79,399
MX,200312,19,84,399
AF,200911,20,14,398
SY,200303,19,91,394
SY,200609,18,130,394
SY,201008,18,92,394
SY,201403,20,66,392
SY,200004,19,88,392
PK,200106,18,75,389
SY,200905,18,99,389
PK,200102,18,61,388
PK,200010,18,84,388
IZ,200005,18,76,387
SY,201404,20,37,386
PK,200007,18,84,385
SY,200702,18,130,385
SY,200204,19,92,385
MX,200405,19,104,384
MX,200110,19,110,383
PK,200012,18,106,379
IZ,201103,20,26,377
PK,200004,18,74,377
MX,200201,19,128,374
SY,200011,19,106,370
PK,200003,18,66,368
SY,201112,20,55,367
SY,200110,19,96,366
SY,201311,20,59,365
SY,201412,20,65,364
AF,200502,18,83,364
AF,201412,20,55,363
PK,200105,18,82,363
IZ,201004,20,35,359
MX,200411,19,75,358
MX,200107,19,88,357
SY,200605,19,150,355
MX,200710,18,88,354
MX,200709,18,71,354
SY,200704,18,101,353
SY,200401,19,86,352
IZ,200304,20,54,351
MX,200009,19,63,351
SY,201210,20,42,350
IZ,201502,20,80,350
MX,200001,19,84,349
MX,200608,18,82,347
MX,200803,18,86,347
MX,200210,19,96,342
SY,200408,19,70,342
MX,200211,19,92,338
PK,201604,20,38,336
SY,201407,20,52,335
AF,200205,18,96,335
MX,200011,19,91,335
MX,200712,18,50,335
SY,200603,19,153,334
SY,201012,18,88,331
MX,200504,19,84,331
IZ,200708,20,69,330
MX,200306,19,77,330
MX,200008,18,64,329
SY,200406,19,75,329
SY,200708,18,114,326
SY,200602,18,151,320
AF,200206,18,80,319
IZ,200611,20,51,319
SY,201006,19,88,317
PK,201403,20,41,316
IZ,200211,18,74,315
IZ,200909,20,16,315
SY,200511,18,75,311
SY,200010,19,107,310
IZ,201308,20,57,309
SY,200309,19,71,306
SY,200410,19,85,306
MX,200311,19,81,306
MX,200103,19,62,304
AF,201607,20,56,303
MX,200707,18,73,301
IZ,200207,18,74,299
MX,200205,19,74,299
SY,200109,19,77,299
SY,200108,19,97,298
AF,200501,18,79,298
MX,200408,19,81,296
AF,200210,18,71,296
SY,200911,18,84,292
PK,201409,20,38,292
SY,200106,19,70,291
IZ,200210,18,79,290
IZ,200710,20,49,289
MX,201507,20,22,283
MX,201412,20,47,282
IZ,200101,18,63,280
SY,200707,18,120,279
AF,201606,20,43,279
SY,201108,20,55,277
MX,200212,19,76,277
IZ,200006,18,43,276
SY,200509,18,63,276
MX,201008,20,38,276
SY,200002,19,102,275
SY,200308,19,91,273
AF,200105,18,56,273
AF,200102,18,36,273
SY,201005,19,85,267
SY,200307,19,62,266
IZ,200709,20,56,265
SY,201104,20,43,263
SY,200701,18,97,263
AF,201511,20,48,261
MX,200109,19,62,261
IZ,200011,18,50,261
AF,200601,18,223,261
IZ,200912,20,45,257
SY,200505,18,71,256
PK,200002,18,59,256
AF,201509,20,26,256
IZ,200705,20,45,255
SY,200507,18,71,254
SY,201501,20,58,253
IZ,200103,18,56,251
AF,200103,18,50,251
MX,200407,18,57,250
MX,200404,19,75,250
SY,200111,19,58,250
SY,200902,18,89,249
SY,200703,18,92,249
MX,200004,18,39,248
MX,201607,20,15,247
SY,200610,19,129,246
MX,200711,18,52,245
AF,200012,18,66,244
IZ,200104,18,57,243
MX,200708,18,73,243
AF,200101,18,52,242
MX,200706,18,57,242
MX,200204,19,58,242
MX,200609,18,68,240
MX,201405,20,6,240
MX,200512,19,67,239
MX,200701,18,31,238
SY,200102,19,60,237
PK,201605,20,48,236
PK,201606,20,37,233
PK,201211,20,19,231
SY,200410,18,57,231
IZ,201404,20,29,231
MX,200406,18,52,230
AF,201601,20,26,227
MX,200303,18,38,227
MX,200601,19,123,226
MX,201311,20,19,226
MX,201508,20,29,225
SY,200310,18,57,225
IZ,200008,18,64,224
MX,200112,19,57,224
SY,200201,19,71,224
IZ,200004,18,41,223
AF,201210,20,4,223
AF,200002,18,33,222
IZ,200303,20,42,221
SY,200311,19,67,220
SY,200402,19,53,219
IZ,200003,18,46,217
SY,200602,19,120,216
IZ,201010,20,30,215
AF,201309,20,24,214
IZ,201303,20,26,213
PK,201112,20,6,212
MX,201107,20,12,210
SY,200404,18,69,210
SY,200508,18,37,209
PK,200601,18,164,208
AF,201510,20,17,208
IZ,200001,18,44,207
AF,201211,20,30,206
SY,200101,19,69,206
PK,201402,20,26,205
SY,200103,19,64,204
SY,200504,18,66,201
AF,200008,18,43,198
MX,200107,18,46,198
MX,200207,18,47,196
SY,200206,19,54,195
AF,200107,18,47,195
PK,201401,20,35,195
MX,200104,19,67,193
SY,200207,19,53,193
MX,201510,20,22,192
MX,200612,18,64,190
IZ,201207,20,25,190
MX,200209,19,44,189
SY,201102,18,42,187
MX,201503,20,20,187
MX,201002,20,19,185
AF,200909,20,19,185
MX,200702,18,59,185
PK,201611,20,33,185
IZ,201310,20,40,185
SY,200301,19,48,185
SY,200607,18,83,184
IZ,200404,20,34,184
SY,200112,19,58,180
MX,200003,18,36,179
AF,200102,20,11,179
IZ,201109,20,44,176
PK,201309,20,38,176
MX,201606,20,37,176
SY,200606,18,74,174
IZ,201306,20,23,171
AF,200905,20,28,169
MX,200302,18,31,166
AF,201610,20,36,166
IZ,200703,20,47,165
SY,200604,19,78,165
SY,200608,18,48,164
IZ,200110,18,38,163
MX,200606,18,58,162
AF,200108,18,37,162
SY,201302,20,27,162
MX,200208,18,44,162
IZ,201208,20,18,162
IZ,200205,18,35,161
IZ,200803,20,34,161
SY,200010,18,42,160
SY,200106,18,37,158
MX,201406,20,7,157
MX,200307,18,40,157
MX,200908,20,10,157
AF,201504,20,29,157
IZ,200002,18,40,156
IZ,200109,18,33,154
PK,201408,20,24,154
SY,200006,18,38,153
SY,201107,20,35,151
AF,200111,20,32,151
SY,200211,19,43,151
SY,200208,19,39,151
IZ,200605,20,42,151
SY,200009,19,40,150
IZ,200701,20,46,150
PK,200911,20,33,150
MX,201207,20,17,149
IZ,200704,20,27,149
IZ,201012,20,31,149
PK,200905,20,24,147
AF,201508,20,12,147
MX,200301,18,37,147
SY,200210,19,44,147
IZ,201202,20,32,147
AF,201602,20,27,147
SY,201004,18,48,146
AF,200005,18,24,145
MX,200010,18,28,145
IZ,200111,18,38,145
MX,200007,18,36,144
MX,200108,18,40,143
IZ,200610,20,33,143
MX,200002,18,28,143
AF,200009,18,37,143
SY,200610,18,52,142
IZ,201001,20,28,142
AF,200010,18,27,141
IZ,200607,20,30,141
MX,201504,20,21,141
MX,200912,20,11,141
MX,200304,18,25,141
PK,201407,20,30,141
PK,201205,20,22,140
IZ,200106,18,32,139
MX,200306,18,43,139
AF,201008,20,19,139
IZ,201111,20,26,138
MX,200403,18,34,138
AF,200104,18,30,137
IZ,200202,18,36,137
IZ,200801,20,21,137
IZ,201204,20,23,137
AF,201306,20,22,137
SY,200203,19,47,136
IZ,201112,20,17,136
MX,200206,18,40,136
SY,200401,18,37,136
AF,200007,18,38,136
MX,200911,20,6,136
MX,201509,20,22,135
AF,200705,20,17,134
MX,200005,18,31,134
IZ,200707,20,29,133
IZ,200007,18,37,133
SY,200403,18,30,133
MX,200604,18,53,132
SY,200907,18,42,132
SY,200304,18,29,132
MX,201403,20,6,130
PK,201202,20,21,130
IZ,200108,18,30,129
MX,201007,20,11,129
AF,201501,20,23,127
PK,201306,20,19,127
MX,201605,20,8,127
MX,200111,18,32,126
IZ,201008,20,19,126
PK,201411,20,24,126
MX,200605,18,57,126
SY,201304,20,19,125
IZ,200206,18,27,124
MX,200101,18,32,124
AF,200106,18,31,124
PK,201311,20,26,124
SY,200012,19,44,124
IZ,200010,18,35,123
MX,200401,18,39,123
AF,201506,20,21,123
IZ,201405,20,22,123
AF,201204,20,21,122
MX,201501,20,22,122
IZ,200309,20,16,122
SY,200001,18,36,121
AF,201009,20,14,121
MX,201610,20,21,120
AF,200810,20,20,120
PK,200003,20,31,118
SY,200601,19,92,118
SY,200108,18,32,118
IZ,200810,20,29,118
MX,200405,18,31,118
IZ,200203,18,39,117
IZ,200906,20,11,117
MX,200506,18,26,116
PK,201302,20,21,116
MX,200409,18,23,116
MX,200503,18,20,116
SY,200209,19,33,115
MX,200501,18,26,115
IZ,200307,20,31,114
SY,200311,18,34,114
IZ,200706,20,14,114
MX,200507,18,24,114
MX,201511,20,13,114
SY,200007,19,30,113
SY,201111,20,23,112
MX,200411,18,23,112
SY,200501,18,37,111
SY,200603,18,52,111
PK,201203,20,31,110
IZ,200305,20,19,109
MX,200102,18,28,109
SY,200212,19,28,108
AF,201505,20,24,108
AF,200001,18,18,106
PK,201303,20,25,106
IZ,200908,20,16,106
SY,200411,18,36,105
MX,200602,18,38,105
PK,201207,20,14,105
AF,201302,20,22,105
MX,200006,18,19,103
PK,201212,20,11,103
SY,201005,18,31,103
IZ,201301,20,17,102
PK,200012,20,15,102
SY,200302,19,29,102
SY,200306,18,16,102
MX,201611,20,16,101
SY,200305,18,26,101
IZ,200702,20,30,101
SY,201105,20,31,101
MX,201105,20,27,101
AF,200011,18,25,101
MX,200512,18,20,100
IZ,200107,18,25,100
AF,200006,18,18,100
IZ,200408,20,21,100
PK,201310,20,13,99
PK,200909,20,21,99
IZ,201201,20,25,98
PK,200908,20,22,98
IZ,200501,20,27,97
SY,200308,18,25,97
MX,200508,18,30,96
IZ,201107,20,18,96
PK,201208,20,14,95
IZ,200804,20,20,95
MX,200412,18,25,94
MX,200202,18,25,94
IZ,200009,18,18,94
MX,201506,20,10,94
PK,200108,20,17,93
IZ,200805,20,14,93
SY,200205,19,27,93
AF,201205,20,20,92
IZ,201402,20,12,92
AF,200004,18,18,91
IZ,200204,18,28,91
IZ,200402,20,16,91
SY,200008,19,18,91
IZ,200105,18,19,90
AF,201502,20,15,90
SY,200407,19,32,89
MX,200610,18,36,89
IZ,201102,20,11,89
SY,200604,18,49,88
PK,200709,20,7,88
IZ,200112,18,30,88
IZ,201101,20,18,87
MX,201601,20,15,86
SY,200408,18,24,86
SY,200405,18,28,86
SY,200605,18,47,85
IZ,201311,20,15,85
SY,200304,20,12,85
MX,201312,20,8,85
IZ,201009,20,14,85
MX,200203,18,22,85
IZ,200612,20,27,85
PK,200207,20,22,84
PK,200304,20,9,84
PK,201301,20,19,84
IZ,200811,20,15,83
AF,200808,20,9,83
PK,200907,20,11,83
AF,200101,20,14,82
MX,200106,18,18,82
PK,201005,20,12,82
SY,200307,18,19,81
PK,200008,20,15,81
AF,201603,20,11,81
PK,201406,20,15,81
IZ,200410,20,18,80
IZ,200406,20,18,79
MX,200011,18,20,79
IZ,200405,20,22,79
IZ,200201,20,21,79
IZ,200302,20,18,78
IZ,201205,20,30,78
IZ,200812,20,19,78
IZ,200903,20,21,78
IZ,201312,20,13,78
SY,200412,18,23,77
IZ,200201,18,19,77
AF,201611,20,15,77
AF,201507,20,19,77
IZ,200112,20,19,76
MX,201101,20,7,75
AF,201406,20,13,75
MX,200104,18,15,75
SY,200402,18,14,74
MX,200511,18,17,74
MX,200504,18,18,74
MX,200309,18,16,74
SY,200002,18,24,74
IZ,201104,20,29,74
IZ,201108,20,6,73
SY,200601,18,61,73
AF,200003,18,11,72
SY,200102,18,18,72
MX,200210,18,20,71
IZ,200809,20,13,71
MX,201512,20,14,71
SY,201110,20,13,71
PK,201307,20,20,71
MX,200408,18,16,70
MX,200201,18,22,70
AF,201307,20,16,70
AF,201407,20,6,70
PK,201209,20,16,70
AF,201310,20,5,69
MX,200109,18,21,69
MX,201201,20,11,69
SY,200109,18,13,69
IZ,201401,20,17,69
MX,200105,18,13,68
PK,200110,20,12,68
MX,200808,20,18,67
IZ,200107,20,13,67
MX,200507,20,5,67
MX,200310,18,24,67
MX,200312,18,18,67
AF,201401,20,10,66
MX,201108,20,12,66
MX,200607,18,31,66
MX,200103,18,14,65
SY,200407,18,13,65
IZ,200108,20,14,64
PK,201404,20,15,64
IZ,200202,20,15,64
SY,200107,18,22,64
PK,200812,20,20,63
MX,200012,18,15,63
MX,200502,18,14,63
PK,200901,20,14,63
PK,201111,20,14,63
IZ,200902,20,4,62
SY,200205,18,20,62
SY,200303,18,12,62
AF,201512,20,11,61
PK,201204,20,18,61
MX,200603,18,26,61
SY,201003,18,27,61
PK,201011,20,17,60
IZ,200212,20,7,60
IZ,200510,20,18,60
PK,200303,20,9,60
MX,200510,18,20,60
SY,200309,18,14,59
AF,201107,20,4,59
PK,200005,20,6,59
IZ,200312,20,17,59
IZ,201106,20,18,59
IZ,200802,20,12,59
PK,201308,20,11,59
AF,201010,20,9,57
IZ,201211,20,13,57
MX,200402,18,16,57
MX,200311,18,17,57
AF,201605,20,12,57
IZ,200603,20,14,57
MX,201604,20,12,57
AF,201410,20,7,56
MX,201612,20,12,56
PK,201410,20,19,56
MX,200110,18,20,55
PK,200904,20,9,55
IZ,200012,18,16,54
SY,200104,18,15,54
IZ,200901,20,12,53
AF,200912,20,11,53
IZ,200907,20,13,53
AF,201209,20,10,53
MX,200001,18,15,53
IZ,201105,20,15,53
IZ,200507,20,11,52
MX,200205,18,12,52
AF,201609,20,9,52
SY,200406,18,11,52
IZ,200807,20,7,52
MX,201408,20,8,52
PK,201105,20,9,52
SY,200003,18,19,52
MX,201204,20,9,51
AF,200110,20,11,50
IZ,200904,20,15,50
IZ,200301,20,9,50
IZ,201304,20,6,50
AF,201001,20,18,50
IZ,200409,20,12,50
MX,200505,18,14,50
MX,201203,20,10,49
PK,201009,20,15,49
AF,201303,20,11,49
SY,200202,19,12,49
AF,201212,20,7,49
SY,201012,20,7,48
PK,201012,20,10,48
SY,200011,18,14,48
PK,201103,20,9,48
AF,201106,20,8,48
AF,200103,20,5,48
MX,200410,18,15,48
MX,200211,18,4,47
AF,200910,20,14,47
PK,201109,20,7,47
AF,201109,20,4,46
SY,200110,18,20,46
SY,200101,18,9,46
AF,201409,20,12,46
SY,200111,18,17,46
AF,201206,20,9,46
SY,201109,20,11,46
PK,201210,20,13,46
PK,201104,20,16,45
IZ,200403,20,13,45
SY,200012,18,15,45
PK,201206,20,12,45
SY,200005,18,15,45
MX,201210,20,14,44
AF,200907,20,10,44
MX,201109,20,17,44
AF,200804,20,8,44
AF,201411,20,4,43
IZ,200311,20,6,43
MX,200204,18,10,43
SY,201006,18,17,43
MX,200112,18,8,43
IZ,200711,20,9,42
IZ,200506,20,10,42
AF,201405,20,7,42
MX,200009,18,14,42
AF,201002,20,13,42
AF,201404,20,13,41
SY,200004,18,8,41
PK,201101,20,11,41
PK,200107,20,9,41
PK,200906,20,11,41
SY,200009,18,10,41
MX,200305,18,9,41
SY,200912,20,3,40
MX,201302,20,5,40
AF,201608,20,11,40
AF,200112,20,7,40
AF,201007,20,7,40
SY,200203,18,15,40
MX,201609,20,8,39
MX,201404,20,9,39
IZ,200310,20,6,39
PK,201110,20,11,38
PK,200209,20,7,38
IZ,200407,20,11,38
MX,201205,20,18,38
AF,200201,20,8,37
MX,201111,20,13,37
SY,200112,18,13,37
AF,200410,20,6,37
IZ,200509,20,4,36
PK,200205,20,5,36
AF,200908,20,14,36
AF,201604,20,10,36
PK,200608,20,5,35
PK,200903,20,9,35
PK,200208,20,6,35
MX,200308,18,10,35
IZ,200808,20,9,34
AF,201012,20,6,34
MX,200509,18,11,34
IZ,200411,20,14,34
IZ,201002,20,9,34
IZ,200109,20,8,34
MX,201306,20,10,34
MX,200208,20,5,34
AF,201104,20,7,34
IZ,200712,20,6,34
AF,200809,20,5,34
IZ,200911,20,10,34
PK,200204,20,5,33
AF,201403,20,11,33
IZ,201403,20,7,33
PK,200811,20,6,33
MX,200805,20,5,33
IZ,200609,20,22,33
PK,200111,20,8,32
IZ,201007,20,8,32
IZ,201209,20,8,32
SY,200301,18,13,32
IZ,201110,20,8,32
MX,201310,20,5,32
MX,200707,20,4,31
SY,200007,18,10,31
PK,201107,20,7,31
IZ,200011,20,10,30
PK,200902,20,6,30
IZ,200412,20,5,30
AF,200210,20,8,30
PK,200102,20,6,30
SY,200204,18,10,30
MX,200104,20,2,30
IZ,200401,20,5,29
PK,200705,20,5,29
IZ,201006,20,5,29
SY,200210,18,8,29
IZ,200207,20,6,29
SY,200211,18,11,29
IZ,200608,20,14,28
AF,200208,20,6,28
PK,201304,20,2,28
SY,200201,18,12,28
IZ,200806,20,9,28
SY,200810,20,9,28
IZ,200012,20,4,28
AF,200811,20,10,28
MX,200201,20,5,28
IZ,200308,20,9,28
AF,201101,20,5,28
MX,201401,20,5,28
SY,200202,18,7,28
SY,200207,18,5,27
IZ,200508,20,5,27
AF,201408,20,7,27
IZ,200103,20,7,27
PK,200711,20,1,27
PK,201108,20,8,27
SY,200103,18,11,27
PK,201008,20,6,27
PK,201201,20,5,27
SY,200206,18,7,27
IZ,200008,20,4,27
IZ,201212,20,7,27
MX,200212,18,12,27
PK,200912,20,6,26
IZ,200905,20,10,26
MX,200404,18,14,26
IZ,201210,20,7,26
MX,200601,18,18,26
AF,201103,20,11,26
AF,201112,20,9,26
IZ,201307,20,6,26
IZ,200503,20,5,25
IZ,200101,20,4,25
AF,200207,20,4,25
PK,201010,20,4,25
IZ,200511,20,7,25
IZ,201302,20,5,25
MX,201206,20,8,24
PK,200103,20,6,24
AF,201105,20,6,24
SY,200208,18,9,24
PK,200810,20,2,24
IZ,200206,20,5,24
IZ,200110,20,6,24
PK,201007,20,8,23
PK,200011,20,3,23
MX,201001,20,6,23
SY,200901,20,7,23
PK,200808,20,5,23
IZ,200502,20,4,23
SY,200212,18,8,23
AF,201612,20,10,23
PK,201006,20,3,23
AF,201202,20,7,23
AF,200812,20,14,23
AF,200202,20,3,22
AF,200609,20,4,22
PK,201312,20,4,22
PK,200105,20,3,22
AF,200806,20,2,22
AF,201201,20,6,22
IZ,200512,20,4,21
AF,201304,20,4,21
AF,200309,20,5,21
SY,201101,20,2,21
AF,200012,20,8,21
AF,200904,20,6,21
IZ,200208,20,3,21
IZ,200010,20,6,21
SY,200105,18,13,20
SY,200312,18,7,20
MX,200411,20,1,20
SY,200207,20,5,20
MX,200807,20,3,20
IZ,201206,20,5,20
AF,201301,20,6,20
MX,201110,20,8,20
MX,200710,20,3,19
MX,201012,20,4,19
AF,201102,20,4,19
MX,200902,20,3,19
AF,200902,20,5,19
IZ,200306,20,3,18
PK,200002,20,4,18
MX,200709,20,2,18
AF,200311,20,9,18
PK,200201,20,6,18
PK,200006,20,1,18
AF,201305,20,3,18
AF,200801,20,3,18
PK,201004,20,2,18
MX,201407,20,2,18
MX,201208,20,3,18
PK,200704,20,5,18
MX,200102,20,2,18
PK,200410,20,3,18
IZ,200204,20,5,18
AF,200306,20,1,18
IZ,200504,20,2,18
PK,201102,20,7,17
MX,200811,20,6,17
MX,201212,20,7,17
MX,200007,20,3,17
SY,200608,20,5,17
MX,201106,20,3,17
AF,200706,20,4,17
MX,200209,18,12,17
AF,200708,20,4,16
IZ,200009,20,4,16
IZ,200203,20,7,16
AF,200903,20,7,16
IZ,200602,20,8,16
SY,201008,20,3,16
MX,200010,20,3,16
AF,200212,20,2,16
SY,200702,20,3,15
PK,200307,20,3,15
PK,200112,20,3,15
PK,200503,20,2,14
MX,201603,20,4,14
MX,200108,20,3,14
SY,200008,18,6,14
AF,201111,20,4,14
PK,200405,20,3,14
AF,201006,20,4,13
AF,200109,20,3,13
SY,200605,20,6,13
MX,200607,20,7,13
IZ,200104,20,2,13
PK,201106,20,6,13
AF,200506,20,4,13
IZ,200205,20,2,13
SY,200606,20,7,13
IZ,200111,20,4,13
SY,200406,20,5,13
IZ,200210,20,5,12
PK,200702,20,3,12
PK,201001,20,4,12
PK,200106,20,3,12
PK,200210,20,2,12
AF,201108,20,2,12
MX,200907,20,2,12
MX,201103,20,4,12
PK,200212,20,2,11
PK,200807,20,2,11
SY,200707,20,4,11
MX,200905,20,3,11
AF,200712,20,3,11
PK,200202,20,3,11
AF,200412,20,3,11
AF,200802,20,3,11
SY,200807,20,3,11
IZ,200209,20,4,11
IZ,200003,20,3,10
MX,200904,20,1,10
AF,200409,20,2,10
MX,201305,20,4,10
IZ,200211,20,3,10
AF,201004,20,2,10
SY,200811,20,1,10
SY,200404,20,4,10
PK,201002,20,2,10
AF,201207,20,3,10
AF,200203,20,2,10
AF,200901,20,5,10
IZ,200102,20,2,10
AF,200402,20,2,10
SY,200712,20,2,10
MX,200012,20,2,9
PK,200805,20,4,9
MX,200702,20,2,9
AF,200612,20,3,9
PK,200001,20,2,9
AF,200105,20,1,9
AF,200610,20,2,9
SY,200109,20,5,9
PK,200312,20,2,9
SY,200704,20,1,9
SY,200305,20,1,9
AF,200906,20,2,9
PK,200109,20,1,9
PK,200708,20,3,9
AF,201110,20,1,9
SY,200106,20,2,9
MX,200611,20,2,9
AF,200302,20,1,9
PK,200712,20,3,9
PK,200203,20,1,9
SY,201001,20,1,9
MX,200909,20,2,9
MX,201307,20,2,8
SY,200812,20,2,8
MX,200810,20,3,8
AF,200304,20,1,8
AF,200303,20,2,8
SY,200501,20,2,8
PK,200009,20,2,8
MX,201309,20,1,8
AF,200007,20,4,7
MX,200409,20,4,7
SY,200311,20,3,7
MX,201112,20,4,7
SY,200701,20,2,7
PK,200703,20,1,7
PK,200612,20,3,7
AF,200104,20,1,7
AF,200805,20,3,7
PK,200607,20,1,7
MX,200509,20,1,7
SY,200209,18,2,7
AF,200002,20,2,7
IZ,200910,20,3,6
SY,200001,20,3,6
PK,200506,20,3,6
SY,200403,20,2,6
MX,200212,20,1,6
SY,200503,20,3,6
MX,201304,20,1,6
AF,200404,20,3,6
SY,200104,20,1,6
AF,200606,20,3,6
PK,200311,20,3,6
AF,200312,20,3,6
MX,200207,20,1,6
SY,200302,18,3,6
AF,201005,20,4,6
PK,200605,20,5,5
PK,200710,20,3,5
SY,200803,20,4,5
AF,200204,20,2,5
MX,200005,20,1,5
SY,200405,20,2,5
SY,200607,20,5,5
AF,201011,20,1,5
PK,200101,20,1,5
AF,200205,20,1,4
AF,200005,20,1,4
AF,200403,20,1,4
AF,200006,20,1,4
SY,200111,20,1,4
PK,200306,20,1,4
MX,200310,20,1,4
AF,201312,20,3,4
PK,200707,20,1,4
SY,200310,20,2,4
MX,200803,20,2,4
SY,201102,20,4,4
SY,201004,20,3,4
AF,200508,20,2,4
AF,200503,20,1,4
PK,200403,20,2,4
SY,200801,20,3,4
AF,200308,20,1,4
PK,200206,20,1,3
SY,200705,20,1,3
SY,200508,20,1,3
AF,201402,20,2,3
MX,201211,20,1,3
MX,200408,20,1,3
IZ,200604,20,3,3
MX,200506,20,1,3
IZ,201005,20,3,3
SY,200009,20,2,3
MX,201308,20,2,3
IZ,200601,20,2,2
PK,201305,20,1,2
AF,200605,20,2,2
SY,201011,20,1,2
PK,200404,20,1,2
AF,200710,20,2,2
SY,200902,20,1,2
SY,200112,20,1,2
IZ,200006,20,1,2
SY,200306,20,1,2
PK,200701,20,2,2
IZ,200105,20,1,2
AF,200501,20,1,2
AF,200608,20,2,2
SY,200903,20,2,2
SY,200006,20,1,2
AF,200108,20,1,2
AF,200611,20,1,2
SY,200408,20,1,2
SY,200105,20,1,2
MX,200809,20,1,2
PK,200801,20,1,2
SY,200904,20,1,1
AF,200209,20,1,1
MX,200606,20,1,1
PK,200802,20,1,1
SY,200609,20,1,1
PK,201003,20,1,1
AF,200709,20,1,1
SY,200303,20,1,1
SY,200204,20,1,1
SY,200504,20,1,1
PK,200603,20,1,1
AF,200703,20,1,1
SY,201007,20,1,1
SY,200010,20,1,1
AF,200511,20,1,1
MX,200601,20,1,1
MX,200712,20,1,1
PK,200609,20,1,1
AF,201003,20,1,1
AF,200603,20,1,1
